	AA	GG	UU	CC	AG	AC	AU	UC	UG	CG
0	10.0	10.0	10.0	10.0	10.0	10.0	10.0	10.0	10.0	10.0
1	10.0	10.0	10.0	10.0	10.0	10.0	10.0	10.0	10.0	10.0
2	10.0	10.0	10.0	10.0	10.0	10.0	10.0	10.0	10.0	10.0
3	10.0	10.0	10.0	10.0	10.0	10.0	10.0	10.0	10.0	10.0
4	10.0	2.698791795682758	2.6696505865510627	10.0	3.2270292621201366	10.0	3.239928017784414	3.029924617707663	3.3332973939164825	3.160391566760379
5	1.6443770354344418	2.0065551740057073	1.977413964874012	1.3996556975976588	2.534792640443086	1.6443770354344418	2.5476913961073637	2.337687996030613	2.6410607722394324	2.4681549450833282
6	1.1081343285961227	1.4703124671673884	1.441171258035693	0.8634129907593399	1.9985499336047672	1.1081343285961227	2.0114486892690446	1.8014452891922939	2.104818065401113	1.9319122382450094
7	0.6605065357349776	1.0226846743062432	0.9935434651745481	0.4157851978981946	1.550922140743622	0.6605065357349776	1.5638208964078995	1.3538174963311487	1.6571902725399679	1.4842844453838642
8	0.3718585810768003	0.7340367196480658	0.7048955105163707	0.12713724324001727	1.2622741860854447	0.3718585810768003	1.2751729417497222	1.0651695416729714	1.3685423178817906	1.1956364907256867
9	0.09122755041783694	0.45340568898910244	0.4242644798574072	-0.15349378741894612	0.9816431554264813	0.09122755041783694	0.9945419110907587	0.784538511014008	1.0879112872228272	0.9150054600667233
10	-0.13464043152078412	0.22753770705048137	0.19839649791878614	-0.37936176935756716	0.7557751734878603	-0.13464043152078412	0.7686739291521377	0.5586705290753868	0.862043305284206	0.6891374781281022
11	-0.3554419708217827	0.006736167749482795	-0.022405041382212405	-0.6001633086585657	0.5349736341868617	-0.3554419708217827	0.5478723898511392	0.3378689897743883	0.6412417659832075	0.46833593882710367
12	-0.5202391183089652	-0.15806097973769961	-0.18720218886939483	-0.7649604561457483	0.3701764866996792	-0.5202391183089652	0.38307524236395674	0.17307184228720582	0.47644461849602515	0.30353879133992123
13	-0.6368576105942323	-0.27467947202296666	-0.30382068115466193	-0.8815789484310153	0.2535579944144122	-0.6368576105942323	0.2664567500786897	0.05645335000193887	0.3598261262107581	0.18692029905465427
14	-0.6979222487448251	-0.3357441101735595	-0.3648853193052547	-0.9426435865816081	0.1924933562638194	-0.6979222487448251	0.2053921119280968	-0.004611288148653991	0.2987614880601652	0.1258556609040614
15	-0.7082978060558421	-0.3461196674845765	-0.37526087661627183	-0.9530191438926251	0.18211779895280228	-0.7082978060558421	0.19501655461707976	-0.014986845459671081	0.28838593074914826	0.11548010359304438
16	-0.6750109980775107	-0.31283285950624534	-0.3419740686379405	-0.9197323359142938	0.2154046069311336	-0.6750109980775107	0.22830336259541106	0.018299962518660236	0.3216727387274794	0.14876691157137556
17	-0.6363483131274836	-0.2741701745562182	-0.3033113836879135	-0.8810696509642668	0.2540672918811606	-0.6363483131274836	0.2669660475454381	0.05696264746868728	0.36033542367750654	0.1874295965214026
18	-0.6109080358783211	-0.2487298973070555	-0.2778711064387507	-0.855629373715104	0.2795075691303233	-0.6109080358783211	0.2924063247946008	0.08240292471785	0.38577570092666924	0.21286987377056535
19	-0.6000547211112115	-0.2378765825399459	-0.2670177916716412	-0.8447760589479945	0.29036088389743303	-0.6000547211112115	0.3032596395617104	0.0932562394849596	0.39662901569377884	0.22372318853767498
20	-0.6299732775956953	-0.26779513902442975	-0.296936348156125	-0.8746946154324783	0.2604423274129491	-0.6299732775956953	0.27334108307722654	0.06333768300047576	0.36671045920929496	0.19380463205319104
